,Smiles,C18-TFA,C18-NH4,CN-TFA,CN-NH4,Phen-TFA,Phen-NH4,AQ-TFA,AQ-NH4
0,OCC1(CCCC1)C=2C=CC=CC2,3.369,1.565,2.843,3.751,3.234,2.127,3.5569999999999995,3.4589999999999996
1,CN1C=C(C=N1)S(=O)(=O)N2CCCC2,1.625,1.6350000000000002,1.6469999999999998,1.6600000000000001,1.9819999999999998,1.8889999999999998,2.006,1.8479999999999999
2,NCC=1C(F)=CC=CC1OC(F)F,1.193,1.2610000000000001,0.9099999999999999,1.734,1.315,1.4619999999999997,1.479,1.5230000000000001
3,CSC=1N=C(O)C=C(N1)C(F)(F)F,2.404,1.7190000000000003,2.199,1.133,2.528,1.7919999999999998,2.775,1.657
4,CC=1ON=C(C1C(=O)O)C=2C=CC=CC2Cl,2.745,1.0979999999999999,2.725,0.6280000000000001,2.925,1.2719999999999998,3.032,1.093
5,CSC=1N=CC(O)=CN1,1.294,1.2519999999999998,1.2570000000000001,1.067,1.4619999999999997,1.399,1.694,1.4259999999999997
6,FC(F)(F)C1CCCNC1=O,1.33,1.3330000000000002,0.998,1.008,1.5230000000000001,1.5019999999999998,1.7149999999999999,1.533
7,NS(=O)(=O)CC=1C=CC(F)=CC1,1.513,1.5220000000000002,1.37,1.379,1.883,1.783,2.0829999999999997,1.713
8,N#CC1(CCOCC1)N2CCCC2,0.7719999999999999,,0.661,,,,,
9,CC(=CC1CCCC1)C(=O)O,3.2075,2.1350000000000002,2.73,0.988,3.2110000000000003,2.114,3.4239999999999995,2.109
10,CC(O)CNS(=O)(=O)C=1C=C(C)C=CC1C,2.3970000000000002,2.398,2.249,2.262,2.656,2.531,2.772,2.654
11,CC=1C=CC(F)=C(C1)S(=O)(=O)N2CCNC(=O)C2,2.072,2.0740000000000003,2.159,2.164,2.4459999999999997,2.3249999999999997,2.504,2.389
12,CCC1=C(N)C=NN1C=2C=CC=C(Cl)C2,1.8400000000000003,2.592,1.6070000000000002,2.498,2.169,2.749,2.175,3.0469999999999997
13,FC=1C=CC(Br)=C(C1)C(=O)N2CCNCC2,1.2890000000000001,1.431,1.0010000000000001,1.9209999999999998,1.6360000000000001,1.717,1.58,2.171
14,CN1CCN(CC1)S(=O)(=O)C=2C=C(F)C=CC2F,1.5860000000000003,2.539,1.5,2.603,1.9499999999999997,2.7079999999999997,1.9140000000000001,2.971
15,CC1(CCCCN1CC2=CN=CS2)C(=O)N,0.30500000000000005,1.9850000000000003,0.28200000000000003,2.116,0.8370000000000001,2.1999999999999997,0.803,2.448
16,OC1(CN2C=NC=3SC=CC3C2=O)CCCCC1,2.365,2.3680000000000003,2.286,2.287,2.621,2.534,2.734,2.739
17,O=S(=O)(N1CCCCC1)C=2C=CC=C(C#N)C2,3.271,3.27,3.066,3.067,3.534,3.436,3.487,3.4749999999999996
18,CNS(=O)(=O)C=1C=C(C(C)C)C(C)=CC1OC,3.3400000000000003,3.3360000000000003,3.028,2.999,3.498,3.4050000000000002,3.5709999999999997,3.5839999999999996
19,CC(C)(C)C=1N=CC=C(O)N1,0.684,1.129,0.591,1.033,0.9820000000000001,1.2519999999999998,1.166,1.4619999999999997
20,CC=1C=C(C(C)=CC1Cl)S(=O)(=O)NCCO,2.742,2.737,2.569,2.547,3.004,2.881,3.082,3.066
21,CC(C)C(N)C1=NC(=NO1)C=2C=CC=CC2,2.053,3.144,1.9009999999999998,2.794,2.355,3.0909999999999997,2.38,3.5300000000000002
22,CC(C)CC1(CO)CCCN1,1.1680000000000001,0.785,0.7370000000000001,1.6589999999999998,1.4619999999999997,1.084,1.48,1.6749999999999998
23,FC=1C(Cl)=CC=CC1C(=O)N2CCOCC2,2.369,2.37,2.251,2.258,2.669,2.578,2.781,2.7479999999999998
24,CCC1=NN=C(SC2CCCCNC2=O)N1,1.145,1.2930000000000001,1.192,1.35,1.488,1.479,1.609,1.6600000000000001
25,CN1CC(CC1=O)NS(=O)(=O)C=2C=CC=CC2Cl,1.807,1.8090000000000002,1.9300000000000002,1.935,2.262,2.113,2.2439999999999998,2.194
26,CC(C)(NC(=O)C1CNC(=O)C1)C=2C=CC=CC2,1.822,1.818,1.7240000000000002,1.742,2.162,2.006,2.254,2.207
27,CN(C1CCCC=2C=CC=CC12)S(=O)(=O)N,2.865,2.863,2.679,2.68,3.143,3.016,3.186,3.178
28,CNCC1CCCN1S(=O)(=O)C=2C=CC=C(Cl)C2,1.896,1.658,1.729,4.045,2.271,1.9969999999999999,2.242,3.7059999999999995
29,NC(=O)C1C2CC3CC(C2)CC1C3,2.5380000000000003,2.531,2.293,2.3,2.753,2.641,3.0949999999999998,3.157
30,CC=1C=CC(=CC1C)S(=O)(=O)NCCO,2.105,2.103,2.024,2.028,2.447,2.303,2.497,2.4859999999999998
31,CC1(CC1)C=2C=CNN2,1.193,1.9940000000000002,0.867,1.7759999999999998,1.532,2.165,1.6229999999999998,2.554
32,O=C(N1CC=2C=CC=CC2C1)C3(CCCC3)C#N,3.393,3.3899999999999997,3.097,3.086,3.5949999999999998,3.5039999999999996,3.612,3.6529999999999996
33,N[C@H]1CCN(C1)C(=O)C=2C=CC=C(F)C2F,1.0979999999999999,1.149,0.756,1.56,1.496,1.456,1.432,1.669
34,CC(C)(C)NC(=O)CC1=NOC=2C=CC=CC12,2.853,2.861,2.682,2.689,3.057,2.943,3.167,3.14
35,CC1(C)COCCN1C(=O)C=2C=CC(F)=C(F)C2,3.0,3.007,2.677,2.683,3.1959999999999997,3.085,3.2670000000000003,3.2459999999999996
36,FC=1C=CC=C(CC(=O)NC=2SC=CC2C#N)C1,3.329,3.3120000000000003,3.204,3.173,3.535,3.418,3.542,3.527
37,FC(F)OC=1C=CC=CC1C(=O)N2CCSCC2,2.859,2.855,2.715,2.721,3.2030000000000003,2.199,3.173,3.165
38,NC1CCCS(=O)(=O)C=2C=CC=CC12,0.8210000000000001,1.1309999999999998,0.526,1.403,1.283,1.4969999999999999,1.145,1.5549999999999997
39,OC1(CCOCC1)C=2C=CC=CC2,1.8900000000000001,1.892,1.6880000000000002,1.6960000000000002,2.213,2.0949999999999998,2.3129999999999997,2.249
40,CCCNS(=O)(=O)C=1C=CC(C)=C(C)C1,3.367,3.366,3.027,3.028,3.5060000000000002,3.4239999999999995,3.5839999999999996,3.604
41,CNCC=1C=CC=C(C1)N2CC(C)CS2(=O)=O,1.31,1.1019999999999999,1.168,2.66,1.751,1.4659999999999997,1.677,1.9129999999999998
42,CS(=O)(=O)NC=1C=CC=CC1N2CCCCC2,1.283,3.8289999999999997,1.05,3.321,1.7029999999999998,3.792,1.6999999999999997,3.968
43,CC=1C=CC(CS(=O)(=O)C2=NC=CN2C)=CC1,2.459,2.512,2.399,2.441,2.847,2.727,2.868,2.9339999999999997
44,CCN1C(NC2(CCCC2)C1=O)C3=CN=CS3,1.145,1.577,1.119,1.6430000000000002,1.5469999999999997,1.791,2.195,2.042
45,FC(F)(F)C=1C=CC=CC1C(=O)N2CCSCC2,3.06,3.059,2.81,2.814,3.343,3.21,3.3659999999999997,3.402
46,CCC1CCCN(C1)C(=O)C=2C(C)=NSC2NC,2.4810000000000003,2.8160000000000003,2.401,2.621,2.774,2.898,3.081,3.3120000000000003
47,CNC(=O)C=1C=CC=NC1SC(C)C,1.8200000000000003,2.083,1.6390000000000002,1.831,2.175,2.256,2.319,2.489
48,NC(C=1C=CC=CC1)C(F)(F)F,1.3199999999999998,,1.042,,1.6520000000000001,2.661,1.666,2.9299999999999997
49,CC(C)C1=NC(CO)=NN1,0.351,0.5599999999999999,0.030000000000000027,0.476,0.82,0.7580000000000001,0.7800000000000001,1.041
50,CC=1C=CC(NS(=O)(=O)C=2C=CC=CC2)=NC1,1.888,1.904,1.8450000000000002,1.866,2.326,2.197,2.288,2.412
51,CNC=1C=CC(=CC1)S(=O)(=O)N(C)C,2.2110000000000003,2.3480000000000003,2.254,2.343,2.648,2.618,2.648,2.808
52,FC=1C=CC=C2C1NCC32CCCC3,2.0460000000000003,4.149,1.6400000000000001,,2.3409999999999997,3.907,2.52,4.3149999999999995
53,CC=1C=CN(CC=2C=CC(C#N)=CC2F)C(=O)C1,2.274,2.286,2.396,2.409,2.737,2.597,2.747,2.7279999999999998
54,CC(C)CN1C=NC(=C1)S(=O)(=O)N2CCC32CCC3,2.9010000000000002,2.9730000000000003,2.72,2.763,3.2089999999999996,3.133,3.234,3.3549999999999995
55,CC1(C)COCCN1CC=2C=CC(C#N)=CC2F,1.1400000000000001,3.6950000000000003,1.026,3.092,1.6799999999999997,3.54,1.5619999999999998,3.9429999999999996
56,CNC(=O)C1CC1C=2C=CC=C(Cl)C2,2.7150000000000003,2.708,2.676,2.669,3.045,2.908,3.1790000000000003,3.2249999999999996
57,CC1=NC=CN1C=2C=CC=CC2CNS(=O)(=O)C,0.9880000000000001,1.6520000000000001,0.71,1.952,1.491,1.9449999999999998,1.342,2.138
58,FC=1C=CC=C(F)C1C(=O)N2CCNCC2,0.92,0.9149999999999999,0.6020000000000001,1.758,1.355,1.3679999999999999,1.249,1.7389999999999999
59,CC=1C=CC=C(C1)C2CCNC2C(=O)O,1.5420000000000003,1.1440000000000001,1.171,1.039,1.9489999999999998,1.399,1.9169999999999998,1.642
60,CC(N1CCCCC1=O)C(=O)O,1.04,0.244,0.812,-0.04799999999999993,1.4609999999999999,0.485,1.4379999999999997,0.6630000000000001
61,OC(=O)C1NCCC1C=2C=CC=C(F)C2,1.3210000000000002,0.92,0.919,0.808,1.7439999999999998,1.205,1.666,1.375
62,CC1COCCN1CC=2C=CC(C#N)=CC2F,1.016,3.007,0.7470000000000001,2.598,1.549,3.039,1.362,3.407
63,CC1=CC=C(S1)C(=O)N2CCOCC32CCOC3,2.5140000000000002,2.515,2.312,2.33,2.835,2.705,2.899,3.0
64,CC1CCN(CC1)C(=O)C=2C=C(F)C=CC2F,3.4050000000000002,3.412,2.975,2.988,3.5359999999999996,3.423,3.6630000000000003,3.761
65,CN(C)C(=O)CC=1C=CC=CC1Cl,2.3930000000000002,2.3970000000000002,2.193,2.21,2.753,2.625,2.864,2.883
66,CC=1C=CC(=CC1Cl)S(=O)(=O)NC2CCCNC2,1.931,1.8120000000000003,1.7200000000000002,3.8859999999999997,2.351,2.187,2.318,3.4210000000000003
67,CNC(=O)C=1C=CC=NC1OC=2C=CC=CC2,2.287,2.298,2.214,2.229,2.67,2.52,2.738,2.807
68,NC(C1=NOC(=N1)C2CC2)C=3C=CC=CC3,1.4900000000000002,2.258,1.177,2.184,1.9409999999999998,2.521,1.8559999999999999,2.889
69,OC(=O)C1(CCCC1)C=2C=CC=NC2,1.052,0.9400000000000001,0.615,0.567,1.5539999999999998,1.157,1.423,1.3900000000000001
70,O=C1NC(=O)C2(CCC2)N1,0.614,,0.5549999999999999,0.5609999999999999,1.1560000000000001,0.852,1.0539999999999998,1.3860000000000001
71,"C[C@@H]1CCCN[C@@H]1C(=O)O |&1:1,6,r|",0.46299999999999997,-0.015000000000000013,0.039000000000000035,0.05500000000000005,0.995,-0.0040000000000000036,0.8190000000000001,0.3810000000000001
72,CN1C=C(NC(=O)C2(CCCC2)C#N)C=N1,1.835,1.8560000000000003,1.9209999999999998,1.939,2.275,2.108,2.276,2.311
73,NC(C(=O)N1CCOC2(CCC2)C1)C=3C=CC=CC3,1.5900000000000003,1.876,1.2650000000000001,2.298,1.94,2.149,1.9379999999999997,2.7479999999999998
74,CNC=1SN=C(C)C1C(=O)N2CCC(C)CC2,2.1830000000000003,2.483,2.181,2.382,2.509,2.664,2.78,3.089
75,O=C(N(CC#N)C1CC1)C2=CC=CS2,2.318,2.3200000000000003,2.271,2.281,2.8329999999999997,2.689,2.683,2.783
76,CC1=NOC(C)=C1NS(=O)(=O)C=2C=CC=CC2Cl,2.7600000000000002,2.728,2.778,2.718,3.151,2.999,3.077,3.1879999999999997
77,CC1=NOC(C)=C1CN2CCCCC2C(=O)N,0.6050000000000001,1.7480000000000002,0.3700000000000001,1.738,1.145,1.783,0.9940000000000001,2.234
78,CN1C(C(CCC1=O)C(=O)O)C2=CC=CS2,1.6830000000000003,0.757,1.7149999999999999,0.22899999999999998,2.139,1.008,2.132,1.209
79,C1CC2(CN1)CCC=3C=CC=CC3O2,1.609,1.306,1.2839999999999998,3.972,2.069,1.746,2.006,4.161
80,CC[C@H](N)C(=O)N1CCC2(CCCC2)C1,1.6190000000000002,1.883,1.44,2.907,1.7879999999999998,1.9180000000000001,1.85,3.2910000000000004
81,CC=1C=C(Cl)C=CC1S(=O)(=O)N2CCCC2CN,1.9580000000000002,2.181,1.2930000000000001,3.8590000000000004,2.198,2.285,2.225,3.62
82,CC(CNS(=O)(=O)C)N1CCCCC1C,0.711,0.678,0.47,1.4420000000000002,0.9540000000000001,0.8119999999999999,0.8119999999999999,0.9900000000000001
83,CCC1CCCCN1C(=O)C2CCC2,3.3560000000000003,3.3640000000000003,2.773,2.792,3.1710000000000003,3.173,3.5380000000000003,3.5359999999999996
84,CC1=NOC=2N=C(C)C=C(C(=O)N3CCCC3)C12,1.952,1.9570000000000003,1.9420000000000002,1.9529999999999998,2.117,2.104,2.0989999999999998,2.1029999999999998
85,O=C([C@@H]1CCCO1)N2CCC3(C2)CCCOC3,1.5580000000000003,1.5620000000000003,1.4460000000000002,1.4500000000000002,1.6909999999999998,1.6799999999999997,1.75,1.755
86,FC(F)OC=1C=CC=CC1C(=O)N2CCOCC2,2.123,2.129,2.054,2.069,2.264,2.259,2.2479999999999998,2.242
87,CC1CN(CCN1)S(=O)(=O)C=2C=CC=CC2Cl,1.512,2.126,1.5419999999999998,2.849,1.7359999999999998,2.277,1.7319999999999998,2.679
88,CCC1OCCCC1C(=O)N2CN(CC)C(=O)C2,1.5190000000000001,1.5230000000000001,1.4740000000000002,1.484,1.661,1.6509999999999998,1.665,1.669
89,CC=1C=CC(=C(Cl)C1)S(=O)(=O)N2CCC(N)C2,1.633,2.0900000000000003,1.6480000000000001,2.947,1.862,2.243,1.874,2.721
90,CN(CC=1C=CN=CC1)C(=O)C2CCCO2,0.523,1.169,0.235,1.4580000000000002,0.711,1.322,0.64,1.4339999999999997
91,CS(=O)(=O)N1CCOCC21CCC2,1.7680000000000002,1.7070000000000003,,1.5020000000000002,1.8409999999999997,1.8239999999999998,1.8489999999999998,1.791
92,CC(C)C(=O)N1CCCC1C=2C=CC(F)=CC2,3.144,3.1510000000000002,2.837,2.852,3.134,3.129,3.285,3.2889999999999997
93,O=C(CN1CCSCC1)N2CCCCC2,0.9149999999999999,2.298,0.7410000000000001,2.112,1.15,2.36,1.0619999999999998,2.564
94,CC1CCCN(CC2=NC=C(O2)C(C)(C)C)C1,1.9730000000000003,3.965,1.85,3.3489999999999998,2.156,3.4290000000000003,2.241,4.673
95,CCN(CC)C(=O)C=1C=NN2C=CC=NC12,1.4969999999999999,1.5,1.4620000000000002,1.4769999999999999,1.6179999999999999,1.605,1.706,1.714
96,CCC1N(CCC=2C=CC=CC12)C(=O)CNC,1.839,1.8000000000000003,1.7389999999999999,4.038,1.976,1.9699999999999998,1.988,3.718
97,CC(C)[C@H](N)C(=O)N1CCOC2(C1)CCCCCC2,1.887,2.45,1.7109999999999999,3.112,2.0709999999999997,2.435,2.137,3.466
98,O=C(CCC=1C=CSC1)N2CCOCC32CCOC3,2.521,2.525,2.3890000000000002,2.402,2.664,2.659,2.662,2.659
99,NCC1CCN(C1)C(=O)C=2C(F)=CC(F)=CC2F,,1.052,,,1.3639999999999999,1.2469999999999999,1.3479999999999999,1.6400000000000001
100,CNC(=O)C1(CC2CC3CC(C2)C1)C3,2.652,2.657,2.42,2.436,2.648,2.64,2.9899999999999998,3.011
101,CN(C1CCCC1)C(=O)CN2C=CC(=O)NC2=O,1.463,1.4660000000000002,1.371,1.3980000000000001,1.6469999999999998,1.649,1.593,1.6179999999999999
102,CC(SC1=NN=NN1C)C=2C=CC=CC2,3.123,3.126,2.874,2.8890000000000002,3.186,3.1769999999999996,3.1719999999999997,3.1799999999999997
103,CCN(CC)S(=O)(=O)N1CCCC(C1)C(F)(F)F,3.899,3.8890000000000002,3.3699999999999997,3.3750000000000004,3.694,3.683,3.8099999999999996,3.816
104,CCN(C1CCCCC1)S(=O)(=O)C=2C=NN(C)C2,3.2600000000000002,3.261,2.96,2.97,3.2379999999999995,3.229,3.3040000000000003,3.3129999999999997
105,CC(C1CC1)N(C)C(=O)C2CCCC2,3.323,3.329,2.79,2.808,3.164,3.155,3.45,3.457
106,CC=1N=C(SC=2C=CN=C(C)N2)OC1C,2.31,2.464,2.109,2.278,2.252,2.4339999999999997,2.516,2.777
107,CCN(C)C(=O)C1(CC2CC3CC(C2)C1)C3,3.83,3.832,3.102,3.12,3.5090000000000003,3.5010000000000003,4.029,4.053
108,O=C(CC=1C=CSC1)N2CCOCC32CCOC3,2.1100000000000003,2.1140000000000003,2.028,2.04,2.285,2.282,2.257,2.296
109,COC=1C=CC=CC1C2CCCN2C(=O)CN,,1.649,,3.086,1.7559999999999998,1.843,1.7479999999999998,2.61
110,O=C(N1CCOCC21CCOC2)C=3C=CSC3,1.908,1.9140000000000001,1.8250000000000002,1.8399999999999999,2.09,2.0749999999999997,2.0549999999999997,2.084
111,CC=1C=CC(F)=C(C1)C(=O)NC2(CCC2)C(=O)O,2.414,1.275,2.276,0.786,2.468,1.311,2.5,1.262
112,OC[C@H]1CCCN1C(=O)NCC=2C=CC=CC2F,,1.9980000000000002,,2.043,2.142,2.124,2.178,2.206
113,CC=1C=CC=CC1CN2CCCC(O)C2,1.1509999999999998,2.346,0.9910000000000001,2.797,1.376,2.243,1.3369999999999997,3.129
114,CCN(C1CC1)C(=O)C2CCC=CC2,3.1710000000000003,3.168,2.683,2.7,3.048,3.048,3.292,3.3229999999999995
115,CC1CN(C(C)CO1)C(=O)C2=CC=3CCCC3S2,3.2765,3.2800000000000002,2.8325,2.842,3.207,3.205,3.378,3.423
116,CC=1C=CC=C(CN2CCCC2(C)CO)C1,1.4220000000000002,1.995,1.3210000000000002,3.977,1.669,1.931,1.6400000000000001,3.2800000000000002
117,CC1CCN(CCS1)C(=O)C=2C=C(C)C=CC2F,3.3790000000000004,3.3810000000000002,2.996,3.017,3.3739999999999997,3.3609999999999998,3.4189999999999996,3.4699999999999998
118,N#CC1(CCC1)C=2C=CC=CN2,2.023,2.41,1.5670000000000002,2.1,1.8900000000000001,2.423,1.932,2.556
119,CN(C1CCNC1)C(=O)C=2C(C)=NN(C)C2C,0.5650000000000001,0.45699999999999996,0.41999999999999993,1.3370000000000002,0.7000000000000001,0.5970000000000001,0.6900000000000001,1.0340000000000003
120,CC=1C=C(C(=O)N2CCOCC3(CC3)C2)N(C)N1,1.7560000000000002,1.775,1.7360000000000002,1.7640000000000002,1.875,1.875,1.944,2.046
121,CN1N=CC(Br)=C1CN2C[C@@H](F)C[C@H]2CO,0.674,2.122,0.488,2.069,0.9110000000000001,2.251,0.7740000000000001,2.355
122,CCC1CCCCN1S(=O)(=O)C=2C=NN(C)C2,2.846,2.849,2.641,2.651,2.886,2.877,2.92,2.997
123,CCCN1N=C(C=CC1=O)C(=O)N2CCSCC2,2.216,2.221,2.162,2.169,2.4,2.376,2.409,2.508
124,CCC(C)C(=O)N1CSCC1C(=O)O,,0.729,,,1.9659999999999997,0.769,1.871,0.7180000000000001
125,CCOC1CC(O)C21CCN(CC2)C(=O)C3CC(C)C3,2.577,2.596,2.293,2.313,2.5749999999999997,2.557,2.714,2.8289999999999997
126,C=CCC1(CCC1)C(=O)N2CCCC2,2.757,2.7640000000000002,2.399,2.42,2.742,2.729,3.035,3.106
127,CNC1CCN(CC1)C=2C=CC=CC2C(F)(F)F,2.18,2.061,2.164,5.218999999999999,2.411,2.439,2.4939999999999998,4.673
128,CC1CCCN(C1CN)S(=O)(=O)C=2C=CC=CC2,1.799,1.6950000000000003,1.7429999999999999,3.993,1.9419999999999997,1.928,1.956,3.4290000000000003
129,CNC1CCCN(C1)S(=O)(=O)C=2C=CC=C(C)C2,1.673,1.8650000000000002,1.6150000000000002,3.762,1.887,2.0589999999999997,1.8969999999999998,3.4770000000000003
130,CC(NC(=O)C1CC1)C=2C(C)=NN(C)C2C,0.9620000000000001,1.5020000000000002,0.8320000000000001,1.649,1.0750000000000002,1.584,1.0699999999999998,1.8169999999999997
131,OC(=O)C1CN(C(=O)C2CCC2)C=3C=CC=CC13,2.516,1.177,2.475,0.871,2.651,1.3159999999999998,2.5949999999999998,1.2930000000000001
132,CC1CCCCC1N(C)C(=O)C=2C=NN(C)C2C,2.6140000000000003,2.6350000000000002,2.464,2.5060000000000002,2.622,2.637,3.023,3.131
133,CN(C1CCCCC1)C(=O)C2CC2,2.9650000000000003,2.972,2.537,2.554,2.887,2.886,3.208,3.303
134,CCC(C(=O)N1CCS(=O)CC1)C=2C=CC=CC2,2.0700000000000003,2.0660000000000003,,2.053,2.209,2.197,2.272,2.36
135,CC1CCCCN1S(=O)(=O)C=2C=CC=CC2C#N,3.433,3.4299999999999997,3.163,3.17,3.455,3.4429999999999996,3.4290000000000003,3.4989999999999997
136,CC=1C=CC(F)=C(C1)C(=O)N2CCCC2,2.678,2.6870000000000003,2.423,2.442,2.731,2.7239999999999998,2.87,2.932
137,CC(=O)N1CCCC2(CCCCC2)CC1,3.4370000000000003,3.4480000000000004,3.0100000000000002,3.151,3.2779999999999996,3.2729999999999997,4.056,4.063
138,CC=1C=CC(=C(C)C1)S(=O)(=O)N2CCCC2CN,1.9130000000000003,1.932,1.842,4.034000000000001,2.088,2.11,2.084,3.5549999999999997
139,NCC1CCCN1S(=O)(=O)C=2C=CC=C(Cl)C2,1.7469999999999999,1.718,1.69,3.828,1.952,1.923,1.895,3.314
140,O=C(N1CCOCC1)C2(CCCC2)C#N,2.02,2.0340000000000003,1.8719999999999999,1.8860000000000001,2.165,2.147,2.11,2.174
141,NC(=O)[C@@H]1C[C@@H](F)CN1CC=2C=CC=CC2C#N,1.101,2.073,0.857,2.15,1.1640000000000001,2.241,1.072,2.328
142,COC=1C=CC=CC1NC(=O)N2CCC[C@@H]2CO,,2.121,,2.089,2.23,2.234,2.29,2.391
143,OC1CCCN(C1)C=2C=CC=C(F)C2C#N,2.648,2.653,2.576,2.577,2.735,2.717,2.787,2.884
144,CC(C)N(C1CC1)C(=O)C2=CC=CS2,3.123,3.1310000000000002,2.732,2.744,3.0789999999999997,3.07,3.2110000000000003,3.2889999999999997
145,CC=1C=C(F)C=CC1CN2CCC3(CCOC3)C2,1.512,3.4190000000000005,1.5180000000000002,3.647,1.737,2.955,1.7029999999999998,3.9690000000000003
146,CC(CCO)C1=CNC=2C=CC=CC12,2.567,2.5620000000000003,2.535,2.535,2.667,2.645,2.6959999999999997,2.791
147,CN1N=NC=C1C(=O)N2CCCC2C3CCCC3,2.846,2.843,2.621,2.634,2.875,2.8649999999999998,2.989,3.1029999999999998
148,CCOC=1C=CC=CC1C(=O)N2CCN[C@H](C)C2,1.229,1.5230000000000001,1.035,2.141,1.4169999999999998,1.653,1.388,2.195
149,CC1CN(CCN1)S(=O)(=O)C=2C=CC=C(F)C2F,1.642,2.198,1.658,2.964,1.7679999999999998,2.3649999999999998,1.7439999999999998,2.791
150,CC(C)N(C1CC1)C(=O)C=2C=C(C)ON2,2.737,2.6630000000000003,2.335,2.352,2.651,2.647,2.737,2.894
151,CC1CN(CCN1)C(=O)C=2C=C(C)C(F)=CC2Cl,1.5220000000000002,2.056,1.3850000000000002,2.8890000000000002,1.71,2.1029999999999998,1.7309999999999999,3.032
152,CCC1CCCCN1C(=O)C=2SC(C)=NC2C,2.6670000000000003,2.838,2.371,2.555,2.572,2.784,2.907,3.2539999999999996
153,CC=1C=CSC1C(=O)N(CC#N)C2CC2,2.666,2.673,2.5180000000000002,2.533,2.789,2.789,2.734,2.824
154,CCS(=O)(=O)N1CCOC2CCCCC21,2.519,2.478,2.164,2.177,2.527,2.527,2.523,2.643
155,NCC(C(=O)N1CCC2(CCC2)C1)C=3C=CC=CC3,2.0260000000000002,2.0540000000000003,1.907,4.151999999999999,2.231,2.261,2.28,3.939
156,CN(C1CCCCC1)C(=O)CC=2C(C)=NOC2C,2.857,2.866,2.634,2.653,2.863,2.866,3.004,3.1189999999999998
157,COCC1=NC(C)=C(S1)C(=O)N2CC3(CCC3)CC2C,3.2800000000000002,3.198,2.758,2.778,3.089,3.106,2.363,3.476
158,N[C@@H]1CCN(C1)C(=O)C2SCCC=3C=CC=CC23,1.4170000000000003,1.597,1.3159999999999998,2.453,1.6520000000000001,1.799,1.6349999999999998,2.404
159,CC1CN(CC(C)N1)C(=O)C=2C=C(C)C=CC2F,1.3210000000000002,1.903,1.201,2.483,1.5,1.996,1.5070000000000001,2.552
160,CC1CCCCN1CC(=O)NC=2C=C(C)ON2,1.229,2.882,1.066,2.728,1.279,2.858,1.2229999999999999,3.175
161,CCC(=O)N(C)C=1C(F)=CC=CC1C(=O)O,1.9860000000000002,1.06,1.911,0.29000000000000004,2.061,0.9860000000000001,2.117,0.999
162,CC1CC1C(=O)NC2(CC3CC4CC(C3)C2)C4,3.849,3.8529999999999998,3.267,3.2710000000000004,3.5860000000000003,3.58,3.865,3.8789999999999996
163,ClC=1C=CC=CC1S(=O)(=O)N2CCOCC2,2.759,2.77,2.617,2.617,2.87,2.868,2.831,2.86
164,CN(C)S(=O)(=O)C=1C(C)=NNC1C,1.399,1.416,1.4849999999999999,1.499,2.161,1.56,1.5179999999999998,1.5589999999999997
165,CC=1N=CSC1C(=O)NCC=2C=CC=CC2Cl,2.5780000000000003,2.6710000000000003,2.625,2.667,2.705,2.742,2.804,2.867
166,CC(NS(=O)(=O)C=1C=CC=CC1)C=2C=CC=NC2,1.314,2.116,1.3079999999999998,2.328,1.4219999999999997,2.276,1.35,2.323
167,FC=1C=CC=NC1NC(=O)C2(CCCCC2)C#N,2.362,2.41,2.28,2.301,2.464,2.4819999999999998,2.471,2.515
168,CC(C(=O)N1CCCC(C1)C(=O)O)C2=CC=CS2,2.266,1.294,2.615,,2.414,1.314,2.381,1.2389999999999999
169,CC=1C=C(CN2C(=O)NC3(CCC3)C2=O)ON1,1.6750000000000003,1.689,1.6949999999999998,1.698,1.822,1.826,1.7719999999999998,1.811
170,O=C(NCC=1C=CN=CC1)C=2C=CC=C(C#N)C2,1.154,1.7270000000000003,1.083,2.231,1.2279999999999998,1.8980000000000001,1.2069999999999999,2.032
171,CC1CCCN(CC(=O)NC=2C=CC=CC2C)C1,1.79,4.203,1.725,3.557,1.9329999999999998,3.792,1.904,4.234
172,O=S(=O)(N1CCCC1)C=2C=CC=CC2C#N,2.698,2.7110000000000003,2.653,2.651,2.885,2.888,2.786,2.83
173,CC=1C=CC(=CC1C(=O)N2CCCC2)S(=O)(=O)C,1.7810000000000001,1.783,1.7879999999999998,1.8170000000000002,1.98,1.9859999999999998,1.9329999999999998,1.968
174,CC1CCN(CC1)C(=O)C(N)C=2C=CC=CC2,1.9490000000000003,2.166,1.7520000000000002,3.248,1.9699999999999998,2.367,2.013,3.11
175,CC=1N=CSC1C(=O)NC2CCN3CCCCC23,0.9920000000000001,1.0905,1.034,2.344,1.0819999999999999,1.2879999999999998,1.045,1.491
176,CC(NS(=O)(=O)C)C=1C=NN(C)C1C,0.8119999999999999,1.1749999999999998,0.865,1.242,1.001,1.2850000000000001,1.0190000000000001,1.323
177,O=C(NC1CCOC1)N2CCC3(CCC3)C2,1.9900000000000002,1.999,1.9860000000000002,1.992,2.085,2.088,2.282,2.292
178,CC(C)C=1OC=NC1C(=O)N2CCC3(CCCC3)CC2,4.016,4.038,3.233,3.241,3.6609999999999996,3.6630000000000003,4.076,4.092
179,CCN(C(=O)C=1C=CC=NC1)C=2C=CC=NC2C,0.5459999999999999,1.4890000000000003,0.45999999999999996,1.7600000000000002,0.707,1.7149999999999999,0.7000000000000001,1.798
180,COC=1C=C(C=CC1F)S(=O)(=O)N2CCCCC2,3.572,3.575,3.222,3.204,3.574,3.5649999999999995,3.622,3.6239999999999997
181,CC1CCN(CC1)S(=O)(=O)C=2C(C)=NOC2C,3.633,3.6470000000000002,3.202,3.182,3.5389999999999997,3.5410000000000004,3.6020000000000003,3.622
182,CC(C)(C(=O)N1CCNCC1)C=2C=CC=CC2,1.638,1.5990000000000002,1.459,3.096,1.673,1.8319999999999999,1.701,2.981
183,CC1CN(CC(C)O1)C(=O)C=2C=C(F)C=C(F)C2,2.823,2.843,2.462,2.471,2.774,2.787,2.89,2.923
184,NC(C(=O)N1CCCC1)C=2C=CC=CC2,1.362,1.4330000000000003,1.133,2.224,1.395,1.7189999999999999,1.3969999999999998,2.065
185,CC1=CC(CS(=O)(=O)C=2C=CC=CC2)=NO1,2.456,,2.411,,2.631,2.648,2.553,2.597
186,CC1CCCCC1NS(=O)(=O)C=2C=NN(C)C2,2.71,2.782,2.566,2.654,2.755,2.763,2.819,2.8569999999999998
187,CC(=O)NC1(CCCCCC1)C(=O)O,1.7120000000000002,0.858,1.1260000000000001,0.07600000000000007,1.771,0.906,1.8479999999999999,0.8850000000000001
188,CCC1CCCCN1C(=O)C=2C=CC=C(N)N2,1.669,2.2390000000000003,1.499,2.092,1.7189999999999999,2.316,1.746,2.544
189,CC1OCCCC1C(=O)N(C)C=2C=CC(Cl)=CN2,2.479,2.498,2.1350000000000002,2.165,2.501,2.515,2.671,2.7039999999999997
190,CCNS(=O)(=O)C=1C=CC(F)=C(OC)C1,2.531,2.532,2.478,2.473,2.638,2.653,2.638,2.6879999999999997
191,CC1CC(C)CN(C1)S(=O)(=O)C=2C(C)=NOC2C,4.026,4.037,3.4440000000000004,3.4309999999999996,3.8229999999999995,3.8259999999999996,3.9509999999999996,3.971
192,CNC(=O)CN(C)C1=NC=2C=CC=CC2S1,1.238,2.051,1.278,2.077,1.447,2.1879999999999997,1.508,2.342
193,COCC(=O)NC1CCSC=2C=CC=CC12,2.597,2.5980000000000003,2.471,2.467,2.698,2.702,2.787,2.789
194,FC(F)(F)C=1C=CC=C(C1)C(=O)N2CCOCC2,2.584,2.5860000000000003,2.435,2.439,2.635,2.64,2.731,2.747
195,OC(=O)C1CCCN(C1)C(=O)C=2C=CC=CC2F,1.916,0.973,1.907,0.3500000000000001,2.043,1.052,2.069,0.995
196,CC1CCC(CN2C(N)=CC(=O)NC2=O)CC1,2.146,2.1350000000000002,2.25,2.244,2.217,2.219,2.388,2.414
197,CN1C(C(CC1=O)C(=O)O)C2=CC=CS2,1.577,0.787,1.605,,1.73,0.783,1.7349999999999999,0.7660000000000001
198,CC=1C=CC=C(C(=O)N2CCC(C2)C(=O)O)C1F,1.9450000000000003,1.064,1.9209999999999998,0.546,2.0749999999999997,1.1270000000000002,2.105,1.0870000000000002
199,OC[C@@H]1C[C@H](F)CN1CC=2C=CC(F)=C(C#N)C2,1.105,2.406,0.9690000000000001,2.353,1.2199999999999998,2.542,1.142,2.556
200,CC=1C=CC(=CC1C)S(=O)(=O)NC=2C=CN(C)N2,2.623,2.611,2.587,2.534,2.752,2.745,2.7319999999999998,2.741
201,CC1=NN(CC=2C=CC=CC2Cl)C(C)=C1CO,1.963,2.436,1.9940000000000002,2.336,2.155,2.503,2.282,2.677
202,O=C(N1CCCC1)C2=NNC(=O)C=3C=CC=CC23,1.533,1.54,1.608,1.621,1.689,1.694,1.714,1.7319999999999998
203,O=C1NC(=O)C2(CN3CCC2CC3)N1,0.118,0.6070000000000001,0.031000000000000028,0.762,0.18400000000000005,0.644,0.128,0.505
204,CC(NC(=O)C1CCCO1)C=2C=C(C)SC2C,3.096,3.096,2.755,2.763,3.032,3.036,3.239,3.2489999999999997
205,NC(=O)C1CCCN(CC=2C=CC(F)=CC2Cl)C1,1.3530000000000002,2.694,1.112,2.757,1.492,2.7199999999999998,1.468,3.102
206,CN(C1CC1)C(=O)C2CC32CCNCC3,1.029,0.731,0.6799999999999999,1.698,1.065,0.934,1.0859999999999999,1.259
207,O=S(=O)(N1CCCCC1)C=2C=NNC2,1.891,1.9,1.838,2.235,2.05,2.062,2.025,2.049
208,CCC=1C=CSC1C(=O)N2CC(C)NC(C)C2,1.4650000000000003,2.012,1.198,2.61,2.011,2.088,1.5350000000000001,2.5469999999999997
209,CCC1OCCCC1C(=O)N(C)C=2C=CN(C)N2,1.9380000000000002,1.947,1.783,1.8159999999999998,2.003,2.018,2.116,2.118
210,FC=1C=CC=C(C1)S(=O)(=O)NC=2C=CC=CC2F,3.253,3.205,3.137,3.025,3.2800000000000002,3.2279999999999998,3.316,3.2649999999999997
211,CC(=O)NC1(CCCC=2C=CC=CC21)C(=O)O,1.8900000000000001,0.7739999999999999,1.818,0.08000000000000007,2.018,0.7880000000000001,2.057,0.7360000000000001
212,CNS(=O)(=O)C=1C=CC=C2C=C(C)C=NC12,2.282,2.551,2.288,2.474,2.4739999999999998,2.669,2.515,2.709
213,CC=1C=CC(C)=C(C1)S(=O)(=O)N2CCNC(=O)C2,2.311,2.311,2.323,2.322,2.432,2.444,2.4819999999999998,2.503
214,CC=1C=CC(=CC1)S(=O)(=O)NC=2C=CN(C)N2,2.341,2.326,2.337,2.288,2.495,2.4859999999999998,2.479,2.4619999999999997
215,CC(C)(C)C1=NN=C(SC2CCCCNC2=O)O1,2.528,2.54,2.372,2.384,2.539,2.5509999999999997,2.698,2.715
216,OC(=O)C=1N=COC1C=2C=CC=C(C2)C(F)(F)F,2.7350000000000003,1.479,2.662,1.027,2.771,1.6059999999999999,2.875,1.62
217,CC(C)N1N=CC=C1C(=O)N2CCNC(=O)C2,1.04,1.0430000000000001,1.08,1.088,1.1560000000000001,1.177,1.178,1.1869999999999998
218,CC(C)C=1C=CSC1C(=O)N2CCNC(C)C2,1.63,2.0740000000000003,1.3439999999999999,2.831,1.689,2.151,1.7319999999999998,2.846
219,C[C@H]1OCCN(CC=2C=CC=CC2Cl)[C@@H]1C(=O)N,1.097,2.45,0.952,2.327,1.241,2.517,1.242,2.627
220,FC=1C=CC=C(F)C1S(=O)(=O)NCC=C,2.5260000000000002,2.525,2.465,2.457,2.634,2.642,2.624,2.64
221,CC(C)NS(=O)(=O)C=1C=CC=CC1Cl,3.003,3.004,2.777,2.775,2.996,3.002,3.078,3.0789999999999997
222,FC=1C=CC(Cl)=CC1C(=O)N2CCOCC2,1.4450000000000003,2.3480000000000003,2.214,2.222,2.46,2.4699999999999998,2.497,2.5
223,FC=1C(Cl)=CC=CC1NC(=O)CN2CSCC2=O,2.517,2.5100000000000002,2.498,2.483,2.645,2.662,2.635,2.643
224,CN(C1CCCC1)S(=O)(=O)C=2C(C)=NNC2C,2.561,2.577,2.473,2.482,2.635,2.642,2.7119999999999997,2.717
225,CC=1C=C(CNS(=O)(=O)C=2C=CC=CC2Cl)ON1,2.478,2.484,2.516,2.511,2.642,2.646,2.6109999999999998,2.588
226,CC(N(C)C(=O)NC=1C=NNC1)C2=CC=C(C)S2,2.2560000000000002,2.387,2.238,2.367,2.3529999999999998,2.476,2.485,2.593
227,CC(C)N1C=C(NC(=O)C2(N)CCCC2)C=N1,1.088,1.674,0.8660000000000001,1.8890000000000002,1.096,1.741,1.1719999999999997,1.8319999999999999
228,CC=1C=CC=C(C)C1CN2CCC[C@@H]2C(=O)O,1.448,1.319,1.371,1.3650000000000002,1.5589999999999997,1.4689999999999999,1.592,1.545
229,CN(C=1C=CC=NC1)S(=O)(=O)C=2C=CC=CC2Cl,1.8290000000000002,,2.035,,2.024,2.884,2.046,2.925
230,CC=1NN=CC1C(=O)N2C[C@@H](F)C[C@H]2CO,0.7060000000000001,0.733,0.819,0.853,0.836,0.884,0.868,0.894
231,NC(=O)[C@@H]1C[C@@H](F)CN1CC=2C=CC(F)=CC2Cl,1.283,2.789,0.946,2.693,1.3969999999999998,2.871,1.428,2.984
232,FC=1C=C(Cl)C=CC1S(=O)(=O)N2CCNC(=O)C2,2.253,,2.299,,2.428,2.4459999999999997,2.421,2.424
233,CC1CCCN(C1CN)C(=O)C=2C=NN(C)C2C,1.0859999999999999,0.926,0.962,2.191,1.1320000000000001,1.0539999999999998,1.1989999999999998,1.395
234,CCOC1CC(O)C21CCN(CC2)C(=O)C3=CC=CO3,1.999,2.003,1.9049999999999998,1.916,2.064,2.086,2.183,2.163
235,FC=1C=CC(=CC1)S(=O)(=O)NC=2C=CON2,2.314,1.2069999999999999,2.339,0.345,2.475,1.3369999999999997,2.4339999999999997,1.0899999999999999
236,OCCC1CCCN(C1)C=2C=CC=C(F)C2C#N,3.1630000000000003,3.1750000000000003,2.983,2.986,3.153,3.168,3.3200000000000003,3.309
237,CNC(=O)CN1C(C)=NN(C1=O)C(C)(C)C,1.4090000000000003,1.5660000000000003,1.4580000000000002,1.593,1.508,1.67,1.657,1.181
238,CC1CN(CC(C)N1)C(=O)C=2OC(C)=NC2C,0.743,1.0910000000000002,0.5469999999999999,1.5859999999999999,0.7600000000000001,1.1440000000000001,0.8310000000000001,1.2269999999999999
239,CCCN1CCCCC1C(=O)N2CCCC(N)C2,0.4860000000000001,0.7340000000000001,0.08200000000000007,3.757,0.5080000000000001,0.8390000000000001,0.4960000000000001,0.9420000000000001
240,FC=1C=CC(F)=C(C1)S(=O)(=O)N2CCNCC2,1.544,1.8640000000000003,1.532,2.655,1.6719999999999997,2.025,1.608,2.395
241,NC1CC21CCC=3C=CC=CC32,1.617,2.232,1.431,3.056,1.7309999999999999,2.26,1.6799999999999997,3.167
242,CC=1C=CC=C(C2CCCCN2C(=O)CN)C1C,2.182,2.232,2.038,4.099,2.288,2.35,2.288,3.484
243,CSC1=NN=CN1C=2C=CC=CC2C,2.097,2.222,2.2520000000000002,2.352,2.2439999999999998,2.37,2.476,2.573
244,C1CC2(CCNCC2)O1,0.21999999999999997,-0.040000000000000036,0.08000000000000007,0.7030000000000001,0.247,-0.04499999999999993,0.14900000000000002,0.29500000000000004
245,CC(C)CN1CCC(C1)C(=O)N2CCC3(CCOC3)C2,1.1749999999999998,1.1749999999999998,1.088,2.586,1.2919999999999998,1.287,1.2109999999999999,1.5299999999999998
246,CC1=NOC(C)=C1CNC(=O)[C@H]2C[C@H](F)CN2,0.8270000000000001,1.258,0.631,1.4620000000000002,0.914,1.3929999999999998,0.826,1.3279999999999998
247,CC(NS(=O)(=O)C=1C=CC=CC1)C2CCCO2,2.656,2.662,2.442,2.451,2.6919999999999997,2.685,2.727,2.753
248,CC1CC(N(C1)C(=O)CN)C=2C=CC=C(F)C2,1.9010000000000002,1.8640000000000003,1.7719999999999998,3.6229999999999998,2.007,2.036,2.01,2.643
249,CC(C=1C=CC=CC1)N2C=CN=C2,1.3930000000000002,2.342,1.127,2.666,1.5430000000000001,2.4939999999999998,1.4579999999999997,2.858
250,N=C1SC=CN1CC(=O)NC2CCCC2,1.108,0.8989999999999999,0.7610000000000001,1.955,1.181,1.0699999999999998,1.12,1.2799999999999998
251,CC1(C)CCC(=O)NC1,1.3039999999999998,1.3050000000000002,1.05,1.068,1.359,1.363,1.5579999999999998,1.589
252,CN(C)C(=O)C=1C=CC=C(C1)S(=O)(=O)C,1.205,1.2109999999999999,1.2730000000000001,1.2890000000000001,1.416,1.415,1.342,1.3719999999999999
253,CCN(CC)C(=O)C1=CN=C2C=CC=CN2C1=O,1.302,1.4660000000000002,1.3399999999999999,1.5230000000000001,1.4219999999999997,1.5819999999999999,1.541,1.693
254,CC=1C=CC(F)=C(C1)C(=O)N2CCC[C@@H]2C(=O)O,2.165,1.19,2.013,0.5050000000000001,2.287,1.27,2.292,1.2359999999999998
255,CC=1C=C(C)N(CC(=O)N2CCCCC2)N1,1.331,1.9500000000000002,1.157,1.8079999999999998,1.4020000000000001,2.017,1.5709999999999997,2.2119999999999997
256,OCC1CCCCN1CC=2C=C(C#N)C=CC2F,1.076,2.551,0.8900000000000001,2.686,1.275,2.479,1.097,2.876
257,CC(C)S(=O)(=O)NC=1C(C)=NOC1C,1.7469999999999999,1.7530000000000001,1.698,1.694,1.8769999999999998,1.876,1.858,1.8820000000000001
258,CN(C)S(=O)(=O)N1C=NC=2C=C(C)C(C)=CC12,2.9770000000000003,3.2560000000000002,2.898,3.082,2.9659999999999997,3.224,3.2510000000000003,3.447
259,CC(C)C1=CC(=NO1)C(=O)N2CCCC32CCOCC3,3.121,3.128,2.7600000000000002,2.773,3.082,3.089,3.24,3.2439999999999998
260,CC(=O)NC1(CC2CC3CC(C2)C1)C3,2.85,2.8520000000000003,2.579,2.597,2.777,2.778,3.218,3.242
261,OC(=O)[C@H]1CSC2(CCCC2)C(=O)N1,1.7930000000000001,0.8670000000000001,1.616,0.18500000000000005,1.9020000000000001,0.953,1.9219999999999997,0.9070000000000001
262,CCC1CNCC2(CCOC2)O1,0.9049999999999999,0.9800000000000001,0.3700000000000001,1.3820000000000001,0.92,1.0380000000000003,0.846,1.4929999999999999
263,C1CSC2(CCOCC2)CN1,0.795,0.973,0.45500000000000007,1.5150000000000001,0.8610000000000001,1.033,0.7900000000000001,1.1799999999999997
264,CN(C1CCNC1)C(=O)CC=2C=CC=CC2Cl,1.604,1.374,1.4180000000000001,4.301,1.7389999999999999,1.5989999999999998,1.686,2.957
265,CC(C)CN(C1CCCC=2C=CC=NC12)C(=O)N,1.387,2.442,1.173,2.351,1.528,2.4859999999999998,1.455,2.9579999999999997
266,CN1CCCC1C2CCCN2C(=O)C=3C=CNN3,0.908,0.664,0.742,2.012,1.073,0.894,0.961,1.1310000000000002
267,C1CC(CO1)NC2CCCNC=3C=CC=CC23,1.2679999999999998,1.8850000000000002,1.1340000000000001,2.878,1.4,1.9969999999999999,1.3780000000000001,2.8329999999999997
268,CC1CN(C)CCC1NC(=O)C=2C=CC=C(C)C2,1.592,1.6320000000000001,1.4100000000000001,4.115,1.6600000000000001,1.673,1.661,3.274
269,CC=1C=C(Cl)C=CC1S(=O)(=O)NC=2C=CON2,3.008,1.842,2.8810000000000002,1.099,3.097,1.9649999999999999,3.116,1.779
270,OC1(CC2CC3CC(C2)C1)C3,2.7,2.69,2.2,2.19,2.566,2.475,2.51,2.979
271,OC1CC2CCC(C1)N2,-0.04800000000000004,-0.06000000000000005,0.038000000000000034,0.5900000000000001,-0.06399999999999995,-0.05799999999999994,-0.05399999999999994,0.07000000000000006
272,CN1CCNC2(CCCCC2)C1,0.41000000000000003,0.811,0.041000000000000036,2.0140000000000002,0.42200000000000004,0.92,0.14100000000000001,1.6099999999999999
273,CN1C=C(C(=O)N2CCOCC2)C=3C=CC=CC13,2.18,2.181,2.195,2.212,2.342,2.342,2.4339999999999997,2.473
274,O=S1(=O)CCCN1CC=2C=CC=C3C=CC=NC23,1.1320000000000001,2.402,1.143,2.392,1.311,2.562,1.387,2.634
275,NC(=O)CN1CCCC1C2CCCCC2,1.4570000000000003,2.9810000000000003,1.145,3.169,1.5789999999999997,2.666,1.54,3.346
276,CN1N=CC=C1CN2C[C@@H](F)C[C@H]2CO,0.19099999999999995,1.1600000000000001,0.05700000000000005,1.169,0.31900000000000006,1.282,0.19699999999999995,1.3409999999999997
277,OC(=O)C1CCCCCC1NC(=O)C2CC=CC2,2.306,1.4290000000000003,2.209,0.661,2.3569999999999998,1.471,2.443,1.3889999999999998
278,CNCC1CCCN1C(=O)C=2C=CC=C(F)C2Cl,1.721,1.492,1.533,4.4399999999999995,1.859,1.799,1.815,3.113
279,CN1C(=O)C=2C=CC=CC2C(C)(C)C1=O,3.088,3.083,2.728,2.741,3.015,3.02,3.1819999999999995,3.2219999999999995
280,O=S(=O)(NC1CCCC1)C=2C=CC=C(C#N)C2,3.068,3.071,2.965,2.973,3.147,3.143,3.1799999999999997,3.2039999999999997
281,CC=1C=CC(C)=C(C1)S(=O)(=O)NC=2C=CC=CN2,2.4050000000000002,2.431,2.278,2.307,2.487,2.485,2.55,2.6029999999999998
282,NCC1CCN(C1)C(=O)C=2C=C(F)C(F)=C(F)C2,1.4940000000000002,1.295,1.111,2.486,1.6280000000000001,1.5219999999999998,1.5899999999999999,2.033
283,CC=1C=CC(=CC1C)C2CCCN2C(=O)CN,1.9730000000000003,2.0100000000000002,1.779,3.6860000000000004,2.076,2.167,2.104,3.202
284,CC(=O)NC1CCS(=O)(=O)C=2C=CC=CC12,1.15,1.1560000000000001,1.291,1.3130000000000002,1.3689999999999998,1.3820000000000001,1.303,1.358
285,O=C(NC1=NC(=CS1)C2CC2)C3CC43CCNCC4,1.6920000000000002,1.5710000000000002,1.612,4.561,1.7890000000000001,1.8319999999999999,1.815,3.1109999999999998
286,CNC(=O)CN1CCCC1C=2C=CC=CC2,1.108,2.709,0.853,2.647,1.205,2.751,1.158,3.017
287,ClC=1C=NC=CC1C(=O)NC2(CCSCC2)C#N,2.12,2.19,2.235,2.286,2.303,2.3689999999999998,2.304,2.386
288,CN(C)S(=O)(=O)C=1C(C)=NOC1C,2.2800000000000002,2.291,2.123,2.1350000000000002,2.399,2.406,2.401,2.423
289,CC1CN(CCN1)S(=O)(=O)C=2C=CC(C)=C(F)C2,1.815,2.448,1.7429999999999999,3.108,1.9659999999999997,2.546,1.9299999999999997,2.984
290,CC=1N=CSC1C(=O)NCC=2C=CC=CC2C,2.5260000000000002,2.581,2.538,2.583,2.594,2.639,2.751,2.806
291,CC(C)CN1C(CO)=NC=2C=CC=CC12,1.5190000000000001,2.427,1.3439999999999999,2.404,1.6640000000000001,2.504,1.626,2.807
292,CC(C)C=1C=COC1C(=O)N2CCOCC3(CC3)C2,3.2390000000000003,3.245,2.814,2.829,3.117,3.1189999999999998,3.335,3.3440000000000003
293,CC1(C)CCCN(C1)C(=O)CN2CCNCC2=O,1.4180000000000001,1.5660000000000003,0.978,1.822,1.4969999999999999,1.6759999999999997,1.5070000000000001,2.0709999999999997
294,OC1CNC(C1)C(=O)N2CCCC3(CCCCC3)C2,1.899,1.999,1.6629999999999998,3.8510000000000004,1.999,2.11,2.027,3.4109999999999996
295,CC1CCCN(CC=2N=NSC2Cl)C1,1.1030000000000002,3.6420000000000003,0.746,2.888,1.2799999999999998,3.178,1.1400000000000001,3.8579999999999997
296,CC=1C=CC(=CC1F)C(=O)N2CCCCC2CN,1.642,1.4500000000000002,1.52,4.461,1.741,1.6600000000000001,1.7690000000000001,3.078
297,OC(=O)[C@@H]1CCCN1C(=O)C=2C=CC=CC2Br,2.15,1.182,2.012,0.504,2.302,1.27,2.29,1.2519999999999998
298,CN(C1CCNC1)S(=O)(=O)C=2C=CC(C)=CC2Cl,1.871,1.7810000000000001,1.787,4.5329999999999995,2.002,1.9889999999999999,1.9969999999999999,3.311
299,CC1CCCN(C1)C(=O)C=2C=CC=NC2O,1.4810000000000003,1.4810000000000003,1.314,1.35,1.569,1.573,1.6520000000000001,1.693
300,CC1(C)COCCN1C(=O)C=2C=C(Cl)C=CC2F,3.2680000000000002,3.2720000000000002,2.8770000000000002,2.887,3.184,3.2009999999999996,3.3209999999999997,3.3419999999999996
301,CCN1C(=NC=2C=CC=CC12)C(C)NC(=O)C,1.0990000000000002,1.8650000000000002,0.9730000000000001,1.948,1.2530000000000001,2.005,1.1989999999999998,2.225
302,CC(=C)CN1N=C(C=CC1=O)C(C)(C)C,3.4370000000000003,3.439,2.931,2.942,3.2299999999999995,3.232,3.6790000000000003,3.6790000000000003
303,N[C@H]1CCN(C1)C(=O)C2(CC2)C=3C=CC=C(Cl)C3,1.718,1.8480000000000003,1.5419999999999998,3.068,1.855,2.012,1.8639999999999999,2.75
304,CCC1(CCC1)C(=O)N2CCC(N)CC2,1.225,1.0710000000000002,0.819,2.291,1.2959999999999998,1.2279999999999998,1.3009999999999997,1.6139999999999999
305,CC=1C=CC(C)=C(CN2CCC[C@H]2CO)C1,1.576,2.1670000000000003,1.4220000000000002,4.116,1.7149999999999999,2.085,1.71,3.189
306,CCN(C(=O)C1CCCOC1C)C=2C=CN=CC2,1.142,1.7390000000000003,0.9039999999999999,1.995,1.245,1.83,1.2279999999999998,2.0549999999999997
307,CC1=NOC(C)=C1S(=O)(=O)NC2CCCC2,2.9890000000000003,2.995,2.775,2.775,2.991,2.992,3.074,3.098
308,N[C@H]1CCN(C1)S(=O)(=O)C=2C=C(F)C=CC2Cl,1.5390000000000001,1.899,1.4289999999999998,2.876,1.6789999999999998,2.0989999999999998,1.658,2.532
309,CN1C(CNC(=O)C2CCC2)=NC=3C=CC=CC13,1.2959999999999998,2.097,1.152,2.18,1.4299999999999997,2.241,1.391,2.436
310,CC(C)C(C)NC(=O)NC1=NC=NN1C,1.7800000000000002,2.152,1.612,1.9500000000000002,1.7839999999999998,2.15,2.0469999999999997,2.408
311,C(C1CCOC1)N2CCOCC32CCCC3,0.882,2.456,0.5569999999999999,2.176,1.017,2.2479999999999998,0.9960000000000001,2.937
312,CN1C=C(C=N1)C2CCCN2C(=O)C=3C=CNN3,1.2109999999999999,1.2890000000000001,1.379,1.464,1.3679999999999999,1.448,1.4219999999999997,1.5070000000000001
313,CC=1C=CC=CC1NC(=O)CN2CCNC(=O)C2,1.1099999999999999,1.541,0.8520000000000001,1.569,1.1989999999999998,1.6869999999999998,1.251,1.7690000000000001
314,NC1=CSN=C1C=2C=CC=CC2Cl,2.028,2.472,1.936,2.314,2.186,2.6229999999999998,2.278,2.637
315,CCC1=CC=C(CN2CCOCC32CCC3)O1,1.6060000000000003,3.8360000000000003,1.415,3.063,1.7479999999999998,3.4269999999999996,1.714,3.9059999999999997
316,CC=1N=CSC1C(=O)NC(C)(C)C=2C=CC=CC2,2.7190000000000003,2.79,2.604,2.662,2.741,2.808,2.911,2.9859999999999998
317,COC=1C=CC=C(Cl)C1C(=O)N2CCC(N)CC2,1.2349999999999999,1.158,0.935,2.47,1.3820000000000001,1.3249999999999997,1.339,1.6149999999999998
318,CCCS(=O)(=O)NC=1ON=C(C)C1C,2.073,0.9979999999999999,1.983,0.21499999999999997,2.1919999999999997,1.076,2.191,0.973
319,CN1CCN(CC1)S(=O)(=O)C=2C=CC=C(Cl)C2,1.6320000000000001,2.815,1.56,2.83,1.8089999999999997,2.8409999999999997,1.779,3.197
320,CC=1C=CC(F)=C(C1)C(=O)N2CCC(N)CC2,1.295,1.1099999999999999,1.123,2.5140000000000002,1.4100000000000001,1.27,1.4219999999999997,1.5
321,COC=1C=CC=CC1C2CCCN2C(=O)C(C)N,1.734,1.741,1.589,3.147,1.851,1.975,1.8969999999999998,2.568
322,FC=1C=CC=CC1S(=O)(=O)N2CCCNCC2,1.376,1.327,1.342,,1.529,1.5629999999999997,1.5059999999999998,1.794
323,C[C@@H]1CN(CCN1)C(=O)C=2C=CC(F)=C(C)C2,1.4380000000000002,1.751,1.198,2.62,1.545,1.858,1.5589999999999997,2.485
324,NC(=O)C1CC21CCCC=3C=CC=CC32,2.6670000000000003,2.681,2.587,2.545,2.733,2.747,2.907,2.9
325,CC=1NC=2C=CC=CC2C1C(=O)N3CCCCC3,2.8240000000000003,2.835,2.648,2.658,2.874,2.887,3.057,3.078
326,OC(=O)C1(CC1)NC=2C=CC=CC2,2.236,1.016,2.0060000000000002,0.126,2.338,1.036,2.3489999999999998,
327,CN1C=C(C(N)=N1)P(=O)(C)C,0.139,0.19199999999999995,0.269,0.3440000000000001,0.243,0.277,0.275,0.31900000000000006
328,CNC(C)C=1C=CC=NC1,-0.018000000000000016,,-0.009000000000000008,1.367,0.018000000000000016,0.503,0.030000000000000027,0.6
329,CC(C)C1CN(C)CCN1CC=2SC=NC2C,1.0590000000000002,2.081,0.879,3.8910000000000005,1.13,2.015,1.206,3.452
330,CC1CN(CCO1)C(=O)C2=NNC=3C=CC=CC23,1.971,1.9740000000000002,1.9609999999999999,1.9820000000000002,2.069,2.062,2.138,2.142
331,CCNS(=O)(=O)C=1C=CC=2OCCC2C1,2.345,2.35,2.271,2.273,2.492,2.5,2.475,2.495
332,CC1=NN(C(C)=C1C)S(=O)(=O)C=2C=CC(C)=CC2,3.627,3.6470000000000002,3.187,3.169,3.5389999999999997,3.5309999999999997,3.7119999999999997,3.729
333,FC=1C=CC=CC1S(=O)(=O)CC=2C=CN=CC2,1.2029999999999998,2.003,1.17,2.301,1.37,2.2279999999999998,1.318,2.242
334,COC=1C=C(Cl)C=CC1CN2CCNC(=O)C2,1.407,2.3560000000000003,1.271,2.335,1.5579999999999998,2.4779999999999998,1.553,2.687
335,CC1=NN(CC=2C(C)=CC=CC2C)C(N)=C1C#N,2.9850000000000003,3.005,2.821,2.817,3.056,3.021,3.092,3.116
336,CC1(CCOCC1)C(=O)O,,,,,,,,
337,"N[C@@H]1C[C@H]1C=2C=CC=CC2C(F)(F)F |&1:1,3,r|",1.6800000000000002,2.5740000000000003,1.525,3.197,1.7439999999999998,2.517,1.826,3.166
338,CC1(C)CN(CCO1)C(=O)C(N)C=2C=CC=CC2,1.3730000000000002,1.705,1.145,2.148,1.4129999999999998,1.7570000000000001,1.4819999999999998,2.018
339,CC1CN(CC2=CC(=CS2)C(=O)N)C(C)(C)CO1,0.7799999999999999,2.289,0.732,2.234,0.8990000000000001,2.282,0.8350000000000001,2.508
340,CC=1C=CC(=C(C)C1)S(=O)(=O)NC=2C=CC=CN2,2.44,2.427,2.282,2.279,2.493,2.516,2.554,2.581
341,CC1=CSC(=N1)C(C#N)C(=O)C=2C=CC=CC2F,2.416,1.912,2.532,1.499,2.5669999999999997,2.0,2.5669999999999997,
342,CNS(=O)(=O)C=1C=CC(F)=CC1,2.005,2.0060000000000002,1.855,1.8519999999999999,2.128,2.137,2.143,2.164
343,FC=1C=CC(=C(F)C1)S(=O)(=O)N2CCOCC2,2.7,2.708,2.539,2.537,2.803,2.816,2.802,2.828
344,CCS(=O)(=O)C=1C=CC(=CC1)N2CCCC3(CC3)C2,2.462,3.7750000000000004,2.808,3.278,3.2670000000000003,3.702,3.4349999999999996,3.832
345,OC(=O)C1CCN(CC=2C=CC=C(F)C2F)C1,1.1229999999999998,0.9420000000000001,0.895,0.6910000000000001,1.279,1.029,1.217,0.9209999999999999
346,CN(C)C(=O)C(N)C=1C=CC=CC1,0.9760000000000001,1.2189999999999999,0.651,1.612,1.0539999999999998,1.315,1.056,1.275
347,CC(C)N1C=NN=C1C=2C=CC=CC2Cl,1.931,2.173,1.996,2.329,2.0669999999999997,2.314,2.233,2.501
348,CC1CCC2(CCN(C2)C(=O)CNC(=O)C)C1,2.0540000000000003,2.251,2.1430000000000002,2.153,2.332,2.342,2.572,2.56
349,CC=1C=C(SC1C)C(=O)N2CCCC2C(=O)O,2.342,1.161,2.205,0.6759999999999999,2.4579999999999997,1.8599999999999999,2.476,1.2349999999999999
350,COC=1C=CC=2C=C(C=CC2C1)S(=O)(=O)N(C)C,3.4350000000000005,3.4459999999999997,3.227,3.197,3.4050000000000002,3.423,3.526,3.5649999999999995
351,CC=1N=C(CN2C(=O)NC3(CCC3)C2=O)OC1C,1.8520000000000003,1.8890000000000002,1.7839999999999998,1.8319999999999999,1.971,2.017,2.012,2.054
352,CC(C)(C)NC(=O)C1CCCCC1C(=O)O,2.382,1.435,2.169,0.687,2.355,1.5779999999999998,2.512,1.88
353,CCN(C)C(=O)C1CSC2(C)CCC(=O)N12,1.7310000000000003,1.7310000000000003,1.5979999999999999,1.6150000000000002,1.8639999999999999,1.875,1.8940000000000001,1.9089999999999998
354,O=S1(=O)CCC=2C=CC(NCC3CCC3)=CC21,2.7310000000000003,3.25,2.436,3.043,2.782,3.335,2.852,3.3659999999999997
355,CC=1C=C(C(Cl)=CC1F)S(=O)(=O)N2CCC(N)C2,1.9210000000000003,2.2880000000000003,1.8399999999999999,3.3320000000000003,2.058,2.404,2.078,2.8609999999999998
356,OC1CCN(CC1)C=2C=CC=CC2C#N,2.2600000000000002,2.294,2.182,,2.356,2.396,2.464,2.495
357,CN1C=CN=C1S(=N)(=O)C,0.09099999999999997,0.18999999999999995,0.15000000000000002,0.2929999999999999,0.16900000000000004,0.31199999999999994,0.14400000000000002,0.28400000000000014
358,CN(C1CC1)C(=O)C(N)C=2C=CC=CC2,1.366,1.694,1.161,2.312,1.447,1.81,1.4729999999999999,2.2479999999999998
359,CN(C)C(=O)CC=1C=CC=C(F)C1,2.085,2.087,1.9529999999999998,1.963,2.197,2.2079999999999997,2.318,2.326
360,CC=1C=CC(NC(=O)CN2CSCC2=O)=C(F)C1,2.319,2.314,2.263,2.2680000000000002,2.431,2.4419999999999997,2.443,2.461
361,CCCS(=O)(=O)N1CCCC1C=2C(C)=NNC2C,1.4930000000000003,2.048,1.355,2.079,1.6269999999999998,2.181,1.616,2.243
362,CC1=NN(C(C)=C1C)S(=O)(=O)C=2C=CC(Cl)=CC2,3.8520000000000003,3.872,3.3139999999999996,3.286,3.6950000000000003,3.713,3.8920000000000003,3.918
363,NC(=O)C1(CC1)NC2CCCSC2,0.7060000000000001,1.6950000000000003,0.3900000000000001,1.568,0.7920000000000001,1.8329999999999997,0.765,1.8969999999999998
364,CCS(=O)(=O)NC=1C=C(C)C=C(C)N1,1.318,1.392,1.169,1.266,1.4219999999999997,1.499,1.4379999999999997,1.5270000000000001
365,O=C(C1COCCO1)N2CCCC3(C2)CCCCCC3,3.6610000000000005,3.6660000000000004,3.024,3.032,3.4269999999999996,3.4450000000000003,3.8309999999999995,3.8339999999999996
366,CN(CC(F)F)S(=O)(=O)C=1C(F)=CC=CC1Cl,3.273,3.277,3.1390000000000002,3.122,3.3209999999999997,3.34,3.3499999999999996,3.3840000000000003
367,CC1OCCC21CNCCO2,,,,,,,,
368,CC1=NNC(C)=C1CN2CCCSCC2,0.652,1.4780000000000002,0.522,2.239,0.814,1.637,0.7280000000000001,
369,CC1CCCN(C1)C(=O)C=2C=NN3C=CC=NC23,2.036,2.0380000000000003,1.975,1.9900000000000002,2.125,2.14,2.324,2.3289999999999997
370,CSC=1N=CC(Cl)=C(N1)C(=O)N2CCCCC2C,3.4030000000000005,3.407,2.955,2.956,3.3499999999999996,3.367,3.4749999999999996,3.5060000000000002
371,CCC(=O)NC1(CC=2C=CC=CC2C1)C(=O)O,1.9890000000000003,1.069,1.9009999999999998,0.2909999999999999,2.097,1.069,2.137,1.044
372,O=C(N1CCCCC1)N2CCOCC2,1.842,1.85,1.6560000000000001,1.674,1.8969999999999998,1.9129999999999998,2.104,2.1149999999999998
373,CCC(=O)NC1(CCCC1)C2=NC(C)=CS2,1.5180000000000002,2.2350000000000003,1.2930000000000001,2.083,1.5270000000000001,2.26,1.6999999999999997,2.468
374,CN(C)C(=O)CC=1C(F)=CC=CC1Cl,2.49,2.4930000000000003,2.263,2.282,2.5509999999999997,2.57,2.679,2.698
375,CN(CC=1C=CC=CC1F)C(=O)C2CCNC2,1.488,1.2519999999999998,1.3650000000000002,,1.6229999999999998,1.5270000000000001,1.653,
376,CC=1C=CC(=C(Cl)C1)S(=O)(=O)N2CCCC(N)C2,1.8970000000000002,2.208,1.8330000000000002,3.714,2.033,2.319,2.041,2.9819999999999998
377,"C1C[C@@H]2NCCCO[C@H]2C1 |&1:2,8,r|",0.4700000000000001,0.281,,1.2610000000000001,0.699,0.4860000000000001,0.5400000000000001,0.761
378,CC1CN(CCO1)C(=O)CC=2C(C)=NOC2C,1.533,1.529,1.52,1.5299999999999998,1.6389999999999998,1.658,1.677,1.694
379,O=C1CCS(=O)(=O)C=2C=CC=CC12,1.5950000000000002,1.604,1.624,1.6320000000000001,1.87,1.883,1.7439999999999998,1.783
380,ClC=1C=CC=CC1S(=O)(=O)N2CCNC(=O)C2,1.8730000000000002,1.8770000000000002,2.0020000000000002,2.0020000000000002,2.0669999999999997,2.0789999999999997,2.05,2.078
381,ClC=1C=CC=NC1NC(=O)C2CC2C3CC3,2.138,2.512,1.9969999999999999,2.366,2.205,2.565,2.352,2.7319999999999998
382,CC(C(=O)N)S(=O)(=O)C=1C=CC=2C=CC=CC2C1,2.225,2.2350000000000003,2.277,2.283,2.363,2.382,2.388,2.421
383,COC=1C=CC=CC1CN2CCOCC32CCC3,1.52,3.6879999999999997,1.629,3.594,1.81,3.338,1.7610000000000001,3.8339999999999996
384,CN(C=1C=CC=CC1F)S(=O)(=O)C=2C=NNC2,2.228,2.237,2.272,2.272,2.391,2.405,2.379,2.411
385,FC=1C=CC(NC(=O)N2CCC3(CCOC3)C2)=NC1,1.311,1.803,1.2890000000000001,1.8559999999999999,1.396,1.931,1.471,2.026
386,CC1CN(CC2=C(Cl)C=NN2C)CC(C)S1,1.689,4.066,1.666,3.254,1.846,3.721,1.887,4.165
387,"N[C@@H]1C[C@@]21CCOC=3C=CC=CC32 |&1:1,3,r|",1.4260000000000002,2.23,1.306,2.569,1.5619999999999998,2.307,1.552,2.796
388,CC=1C=C(C)N(N1)S(=O)(=O)C=2C=CC(F)=C(C)C2,3.5780000000000003,3.5949999999999998,3.161,3.141,3.489,3.511,3.641,3.673
389,FC=1C=C(C=C(F)C1F)S(=O)(=O)NC=2C=CON2,2.837,1.5470000000000002,2.743,0.6300000000000001,2.936,1.601,2.955,1.512
390,CC(NC(=O)C=1SC=CC1C)C=2C=CC=CN2,1.2999999999999998,2.622,1.192,2.471,1.4209999999999998,2.641,1.471,2.855
391,CC1CC(C)(C)CC(CO)(C1)NC(=O)C2CC2,3.0260000000000002,3.0340000000000003,2.711,2.794,2.917,2.933,3.2059999999999995,3.226
392,CC1=NOC=2N=CC(=CC12)C(=O)N3CCSCC3,2.036,2.0420000000000003,2.085,2.094,2.266,2.288,2.1959999999999997,2.2199999999999998
393,CC1(C)CCCC(O)(CNC(=O)C2CCC2)C1,2.8200000000000003,2.823,2.555,2.555,2.723,2.742,2.9859999999999998,3.003
394,CC(C)N1N=C(C)C(NS(=O)(=O)C(C)C)=C1C,1.8010000000000002,2.033,1.65,1.92,1.874,2.136,1.931,2.178
395,NC1CCCN(C1)C(=O)C=2C=CC(F)=CC2F,1.2479999999999998,1.214,1.029,2.505,1.374,1.4209999999999998,1.366,1.6549999999999998
396,NC1CCN(CC1)C(=O)C=2C=CC=CC2F,0.945,0.8039999999999999,0.752,2.072,1.064,0.9480000000000001,1.056,1.0939999999999999
397,CCC1(CCCC1)C(=O)NC2CCCNC2,1.6060000000000003,1.5500000000000003,1.4540000000000002,3.5100000000000002,1.6520000000000001,1.576,1.759,
398,CC=1C=CC(=CC1)S(=O)(=O)NC=2C=CC=CN2,2.1060000000000003,3.62,1.996,2.003,2.207,2.2319999999999998,2.2399999999999998,2.276
399,CCC1=CC=C(CN2C(=O)N[C@@H](C)C2=O)S1,2.6550000000000002,2.6550000000000002,2.493,2.487,2.718,2.734,2.8,2.8289999999999997
400,O=C1C=C2COCCN2C(=O)N1,0.346,0.37,0.41500000000000004,0.41900000000000004,0.5559999999999999,0.568,0.42800000000000005,0.45899999999999996
401,N[C@H]1C[C@@H](C1)C2NC(=O)NC2=O,-0.020000000000000018,-0.06999999999999995,-0.03200000000000003,0.20600000000000007,-0.09499999999999997,-0.07999999999999996,-0.09799999999999998,-0.09699999999999998
402,CC(F)(F)C1(CC2(C1)C3(CC4(C3)C(=O)O)C4)C2,3.388,2.007,3.1390000000000002,1.6400000000000001,3.229,1.9939999999999998,3.439,2.1165
403,CCC=1C=CC(OC)=C(C1)S(=O)(=O)N(C)C,3.25,3.2560000000000002,2.878,2.8850000000000002,3.181,3.1929999999999996,3.269,3.2779999999999996
404,NCC1CCCN1S(=O)(=O)C=2C=C(F)C=C(F)C2,1.653,1.5110000000000001,1.33,3.313,1.6109999999999998,1.6799999999999997,1.7189999999999999,2.0509999999999997
405,NC=1N=CC=NC1OC2CCC2,1.3479999999999999,2.262,0.8660000000000001,2.013,1.3039999999999998,2.19,1.403,2.509
406,OC(=O)C1(CC2(C1)C3COC3)C2,1.154,0.07999999999999996,1.081,0.02100000000000002,1.173,0.239,1.229,0.08300000000000007
407,CN(C1CCNC1)S(=O)(=O)C=2C=CC(Cl)=CC2C,2.087,1.9450000000000003,1.8860000000000001,4.008000000000001,2.086,2.0709999999999997,2.213,3.309
408,C(C1CC1)C2CCNCC2,1.4969999999999999,1.0779999999999998,0.925,,1.44,1.2610000000000001,1.5589999999999997,1.968
409,OC(=O)C=1C=CN=CC1OC=2C=CC=CC2,1.17,0.779,0.9850000000000001,0.54,1.166,0.8710000000000001,1.206,0.7880000000000001
410,CC1CC(N)CCN1S(=O)(=O)C=2C=CC=C(F)C2,1.717,1.479,1.4940000000000002,,1.7149999999999999,1.65,1.79,2.468
411,CC1(C)CC2(CCNC2)CCO1,0.8130000000000001,0.44099999999999995,0.29699999999999993,0.893,0.7320000000000001,0.531,0.7999999999999999,0.701
412,CP(=O)(C)C=1C=CN=C(N)N1,0.11599999999999999,0.23399999999999999,0.2709999999999999,0.4610000000000001,0.14100000000000001,0.918,0.19800000000000006,0.41000000000000003
413,FC=1C=CC=C(C1)S(=O)(=O)N2CCNC(=O)C2,1.831,1.842,1.876,1.8780000000000001,1.9809999999999999,1.995,1.9369999999999998,1.944
414,CC1(C)CNC(=O)CN1C(=O)C=2C=CN=CC2,0.5039999999999999,0.894,0.28200000000000003,1.123,0.57,0.9940000000000001,0.533,1.0060000000000002
415,C1CC1C2=NOC(=N2)C3CNC3,0.771,0.531,0.266,0.988,0.753,0.64,0.771,0.7040000000000001
416,CC1=NC(=NO1)C2CC3CCC(C2)N3,0.7859999999999999,0.592,0.44300000000000006,1.2930000000000001,0.8370000000000001,0.616,0.789,0.721
417,CN(C(=O)C)C=1C=CC=CC1C(=O)O,1.5030000000000001,0.5059999999999999,1.387,0.006000000000000005,1.5629999999999997,0.559,1.6,0.5380000000000001
418,FC1(F)CCC(CC1)C2CCN2,1.1869999999999998,0.9520000000000001,0.752,2.063,1.205,0.9840000000000001,1.221,1.29
419,CC(C)(C)C=1N=CSC1C(=O)N2CCC(N)C2,1.0790000000000002,1.2440000000000002,0.722,1.404,1.053,1.2650000000000001,1.089,1.521
420,CC=1C(Cl)=CC=CC1S(=O)(=O)NCC2CCCN2,1.9,1.71,1.6949999999999998,3.9789999999999996,1.9,1.819,2.033,3.074
421,COC(=O)C1CNCC21CS(=O)(=O)C2,0.249,0.08699999999999997,0.018000000000000016,0.6100000000000001,0.29300000000000004,,0.2600000000000001,0.281
422,OC(=O)C=1SN=NC1C2CCC2,2.4770000000000003,0.6669999999999999,2.1350000000000002,0.32099999999999995,2.471,0.8119999999999999,2.531,0.7100000000000001
423,CNC1(CO)CCC=2C=CC=CC2C1,1.282,0.975,0.877,1.6989999999999998,1.3729999999999998,1.1520000000000001,1.342,1.512
424,CN1CCCN(CC1)S(=O)(=O)C=2C=CC=CC2,1.3690000000000002,1.8690000000000002,1.155,2.906,1.407,1.9060000000000001,1.427,2.783
425,O=S1(=O)CCOC2(CCNCC2)C1,0.08899999999999997,-0.0030000000000000027,0.026000000000000023,0.518,0.17800000000000005,-0.029999999999999916,0.10999999999999999,0.08100000000000007
426,CO[C@@H]1C[C@@H]2CC[C@H](C1)N2,0.701,0.27,0.15600000000000003,0.839,0.6230000000000001,0.44200000000000006,0.7020000000000001,0.5930000000000001
427,COC1(CNC1)C=2C=CC=CC2,1.194,0.89,0.6759999999999999,1.487,1.162,1.009,1.254,1.424
428,CC(N)C1OCCC=2SC=CC12,1.335,1.0675,0.931,1.6560000000000001,1.3495,1.2395,1.4005,1.6065
429,COC(=O)C1(CC2(N)C1)C2,0.356,0.811,0.017000000000000015,0.6719999999999999,0.263,0.83,0.378,0.469
430,CC=1C=C(ON1)C(=O)N2CC(=O)NCC2(C)C,1.2839999999999998,1.287,1.3250000000000002,1.327,1.3609999999999998,1.38,1.3489999999999998,1.3559999999999999
431,C[C@@H]1CC2(CCCC2)C(=O)N1,2.069,2.069,1.7400000000000002,1.755,2.019,2.03,2.3169999999999997,2.3169999999999997
432,NC1(CCC1)C2=NC=CS2,0.7639999999999999,1.241,0.31000000000000005,1.079,0.703,1.25,0.781,1.6309999999999998
433,CSC=1C=CC(C)=C(C1)C(=O)N2CCNC(=O)C2,1.87,1.8719999999999999,1.8610000000000002,1.8730000000000002,2.006,2.009,1.996,2.002
434,CC=1C=C(C(=O)NC(C#N)C=2C=CSC2)N(C)N1,2.524,2.536,2.583,2.588,2.593,2.6069999999999998,2.621,2.627
435,CS1(=O)=NCC=2C=C(Br)C=NC21,1.0830000000000002,1.2879999999999998,0.9690000000000001,1.202,1.279,1.516,1.1869999999999998,1.4449999999999998
436,CP(=O)(C)CN1CCC(CC1)C(=O)O,-0.03700000000000003,-0.04200000000000004,-0.010000000000000009,-0.08599999999999997,-0.039999999999999925,-0.09799999999999998,-0.09299999999999997,-0.08799999999999997
437,NC(C(=O)O)C1(CC1)C(F)(F)F,0.31299999999999994,-0.015000000000000013,0.028000000000000025,0.07600000000000007,0.20099999999999996,-0.08599999999999997,0.28700000000000003,-0.07999999999999996
438,CC1=NC=2C=CC=CC2C31CCNCC3,0.7240000000000001,0.896,0.581,1.8900000000000001,0.729,1.0030000000000001,0.7800000000000001,1.427
439,CC(C)C1CCCCN1C(=O)NC=2C=NN(C)C2,2.378,2.464,2.339,2.411,2.358,2.437,2.668,2.6999999999999997
440,CC1=NN=C(C=2C=CC=C(C#N)C2)N1CC=C,2.619,2.72,2.495,2.558,2.601,2.6799999999999997,2.796,2.877
441,OC(=O)C1(CCC1)S(=O)C=2C=CC=CC2,1.718,0.4640000000000001,1.6789999999999998,0.061000000000000054,1.7879999999999998,0.5120000000000001,1.8049999999999997,0.46499999999999997
442,CS1(=O)=NCC=2C=C(O)C=CC21,0.658,0.634,0.4570000000000001,0.8880000000000001,0.664,0.7460000000000001,0.6980000000000001,0.7480000000000001
443,OC1CCN(CC1)C(=O)NC2CCCCC2,1.7570000000000001,2.758,1.6400000000000001,1.653,1.77,1.7759999999999998,1.9049999999999998,1.9009999999999998
444,CCC1OCCCC1C(=O)N(C)C=2C=CC=CN2,1.9915000000000003,2.124,1.746,1.847,,2.076,2.145,2.254
445,OCC1(CC2C1)OC2C(F)(F)F,1.701,,1.197,,1.67,,1.8089999999999997,
446,OC(=O)C1CCCC2(C1)NC(=O)NC2=O,0.781,0.09399999999999997,0.7270000000000001,-0.05699999999999994,0.799,0.19400000000000006,0.811,0.020000000000000018
447,CC(C)(C)C1=NC(CO)=CN1,0.5890000000000001,0.7999999999999999,0.22299999999999998,0.9510000000000001,0.5060000000000001,0.686,0.6390000000000001,0.7920000000000001
448,CC1CNCC2(CCCCC2)O1,1.5030000000000001,1.375,0.887,2.344,1.4699999999999998,1.4539999999999997,1.593,2.582
449,CC1CN(CC(C)N1)C(=O)C=2C=C(C)SC2C,1.4690000000000003,1.987,1.072,2.417,1.459,1.9689999999999999,1.5949999999999998,2.6029999999999998
450,CS(=O)(=O)N(CC=1C=CC=CC1F)C2CC2,3.137,3.138,2.847,2.852,3.114,3.129,3.16,3.162
451,CS(=O)(=O)C1CNC2(CCC2)C1,0.33199999999999996,,0.136,,0.44200000000000006,0.87,0.382,0.45400000000000007
452,CP(=O)(C)C=1C=NC(=NC1)C(=O)O,-0.050000000000000044,-0.09199999999999997,0.05300000000000005,-0.134,-0.08399999999999996,-0.1489999999999999,-0.09799999999999998,-0.1479999999999999
453,O=C(CC1=CNC=2C=CC=CC12)NCC#N,1.8210000000000002,1.822,1.919,1.92,1.9769999999999999,1.9809999999999999,1.916,1.9140000000000001
454,CO[C@H]1C[C@@H](CO)N(C1)C(=O)C=2C=CC=C(Cl)C2,2.165,2.165,2.007,2.021,2.2479999999999998,2.246,2.293,2.291
455,CN1CC2(CNC2)OCC1=O,-0.04700000000000004,-0.018000000000000016,,,-0.09099999999999997,-0.07999999999999996,-0.09199999999999997,-0.07999999999999996
456,OC(=O)CC1(CCC1)C=2C=CON2,1.7970000000000002,0.9229999999999999,1.5339999999999998,0.19300000000000006,1.847,0.9289999999999999,1.8639999999999999,0.9110000000000001
457,FC(F)OC=1C=CC=CC1C(=O)N2CCCCC2,3.0740000000000003,3.077,2.74,2.758,3.002,3.025,3.148,3.151
458,CC1(C)CNCC2(CCOC2)O1,0.7879999999999999,1.004,0.30299999999999994,1.056,0.8390000000000001,0.9110000000000001,0.805,1.1
459,CCOC1CC(O)C21CCOCC2,,,,,1.38,1.637,1.513,1.79
460,CC=1C=CC(=CC1C)S(=O)(=O)N2CCCC(N)C2,1.891,2.113,1.7120000000000002,3.3670000000000004,1.943,2.1799999999999997,2.06,2.935
461,OC1(CC2(C1)C3CNC3)C2,-0.049000000000000044,-0.014000000000000012,0.018000000000000016,0.4159999999999999,0.06600000000000006,-0.061999999999999944,0.06300000000000006,-0.010000000000000009
462,O=S1(=O)CCC2(C1)CCNCC2,0.07999999999999996,-0.04400000000000004,0.03300000000000003,0.496,0.17000000000000004,-0.010000000000000009,0.10000000000000009,0.08100000000000007
463,CC1=NOC(C)=C1CNC=2C=CC=C(C#N)C2,3.031,3.053,2.97,2.987,3.06,3.094,3.105,3.1229999999999998
464,CC=1C=CC(F)=CC1CN2CC3CCC(C2)O3,1.4570000000000003,4.416,1.318,3.416,1.6400000000000001,3.8760000000000003,1.5909999999999997,4.337
465,O[C@H]1C[C@H](C1)N2C=NC=N2,0.14600000000000002,,0.30299999999999994,,0.18200000000000005,0.32100000000000006,0.21099999999999997,0.3910000000000001
466,O=C1NC=2C=CC=CC2C31CCOC3,1.8130000000000002,1.815,1.717,1.733,1.888,1.8969999999999998,1.9419999999999997,1.9449999999999998
467,CC=1C=NN(C1)C2CCNC2,0.838,0.656,0.353,1.287,0.8610000000000001,0.7800000000000001,0.916,1.145
468,C1CC2(C1)CNCC2C=3C=CC=CC3,1.85,1.838,1.7440000000000002,4.134,1.999,1.81,2.046,3.542
469,COC=1C=CC=C(Cl)C1C(=O)N2CCNC(C)C2,1.182,1.521,0.9019999999999999,2.067,1.3129999999999997,1.6069999999999998,1.279,1.895
470,CCNC(=O)N1CCCCC1CN2CCCC2=O,1.4090000000000003,1.4090000000000003,1.427,1.4340000000000002,1.4539999999999997,1.467,1.6219999999999999,1.6179999999999999
471,CC1CC=2C=C(C)C=CC2CN1,1.44,1.3980000000000001,1.087,3.7870000000000004,1.5190000000000001,1.4889999999999999,1.596,2.9339999999999997
472,N[C@@H](CO)C(=O)N1CCCC1,0.18200000000000005,-0.04400000000000004,0.017000000000000015,0.401,0.18699999999999994,0.08500000000000008,0.21499999999999997,0.29799999999999993
473,CC(C)(C)C1CCCCC(=O)N1,2.5100000000000002,2.5140000000000002,2.228,2.245,2.415,2.4379999999999997,2.843,2.855
474,CCOC1(CCCC1)C(=O)N2CCOCC3(CC3)C2,3.217,3.2190000000000003,2.519,2.532,2.905,2.916,3.2560000000000002,3.2539999999999996
475,OCC1=NNC=2CCCC12,0.6549999999999999,1.0619999999999998,0.2829999999999999,0.9039999999999999,0.6880000000000001,1.0950000000000002,0.7100000000000001,1.1749999999999998
476,NCC1CC21CCSCC2,1.064,0.777,0.599,,1.1280000000000001,0.983,1.1600000000000001,
477,CC(O)C=1SC(C)=NC1C,0.519,1.315,0.20600000000000007,1.2770000000000001,0.5380000000000001,1.29,0.5599999999999999,1.488
478,"CC(C)N1N=CC=C1[C@@H]2OCC[C@H]2N |&1:8,12,r|",0.8150000000000001,1.029,0.44999999999999996,1.209,0.791,1.044,0.8690000000000001,1.1600000000000001
479,CC1=CC(=NO1)C(=O)N2CCCC2C3CCC3,3.394,3.3979999999999997,2.859,2.861,3.207,3.2279999999999998,3.4559999999999995,3.458
